QuestionID;Type;Question;Choix;Réponse;Thème;RéférenceCours;MotCléRecherchePDF;Leçon;PagePDF;TexteRecherchePDF
"1";"VraiFaux";"Un virus peut-il être caché dans un fichier PDF ou dans une photo ?";"";"Vrai";"Sécurité & Sauvegarde";"Leçon 029 — Quelles sont les principales règles de sécurité ?";"virus PDF photo";"Leçon 029 — Quelles sont les principales règles de sécurité ?";"38";"virus PDF photo"
"2";"VraiFaux";"Est-il prudent de cliquer sur un lien envoyé par une personne inconnue ?";"";"Faux";"Sécurité & Sauvegarde";"Leçon 029 — Quelles sont les principales règles de sécurité ?";"liens inconnus prudence";"Leçon 029 — Quelles sont les principales règles de sécurité ?";"38";"liens inconnus prudence"
"3";"QCM";"Quels moyens sont souvent utilisés pour transmettre un virus informatique ?";"Une clé USB.|Une pièce jointe reçue par e-mail.|Un lien reçu dans un SMS ou WhatsApp.|Une imprimante.";"Une clé USB.|Une pièce jointe reçue par e-mail.|Un lien reçu dans un SMS ou WhatsApp.";"Sécurité & Sauvegarde";"Leçon 029 — Quelles sont les principales règles de sécurité ?";"sources infection";"Leçon 029 — Quelles sont les principales règles de sécurité ?";"38";"sources infection"
"4";"Compléter";"Quel est le nom du logiciel antivirus installé sur l’ordinateur ?";"";"Malwarebytes";"Sécurité & Sauvegarde";"Leçon 029 — Quelles sont les principales règles de sécurité ?";"Malwarebytes";"Leçon 029 — Quelles sont les principales règles de sécurité ?";"38";"Malwarebytes"
"5";"QCM";"Quels signes peuvent montrer que l’ordinateur est infecté par un virus ?";"Un ralentissement de l’ordinateur.|La souris se bloque.|L’ordinateur redémarre en boucle.|Il démarre beaucoup plus rapidement.";"Un ralentissement de l’ordinateur.|La souris se bloque.|L’ordinateur redémarre en boucle.";"Sécurité & Sauvegarde";"Leçon 029 — Quelles sont les principales règles de sécurité ?";"symptômes infection";"Leçon 029 — Quelles sont les principales règles de sécurité ?";"38";"symptômes infection"
"6";"VraiFaux";"Faut-il devenir paranoïaque pour éviter toutes les attaques informatiques ?";"";"Faux";"Sécurité & Sauvegarde";"Leçon 029 — Quelles sont les principales règles de sécurité ?";"rester prudent";"Leçon 029 — Quelles sont les principales règles de sécurité ?";"38";"rester prudent"
"7";"QCM";"Quels sont les trois endroits où une sauvegarde est prévue selon le cours ?";"Une clé USB Patriot.|Une sauvegarde chez le formateur.|Google Drive.|Un DVD gravé.";"Une clé USB Patriot.|Une sauvegarde chez le formateur.|Google Drive.";"Sécurité & Sauvegarde";"LES MESURES DE SÉCURITÉ À ADOPTER";"sauvegarde clé formateur drive";"LES MESURES DE SÉCURITÉ À ADOPTER";"5";"sauvegarde clé formateur drive"
"8";"Compléter";"La clé USB Patriot a une capacité d’environ ______ Go.";"";"1000";"Sécurité & Sauvegarde";"LES MESURES DE SÉCURITÉ À ADOPTER";"clé Patriot 1 To";"LES MESURES DE SÉCURITÉ À ADOPTER";"5";"Patriot"
"9";"QCM";"Où faut-il enregistrer ses fichiers pour éviter de les perdre en cas de réinstallation ?";"Dans C:\Users\....|Dans Google Drive.|Sur le Bureau.|Dans Téléchargements.";"Dans Google Drive.";"Sécurité & Sauvegarde";"LES MESURES DE SÉCURITÉ À ADOPTER";"Google Drive recommandé";"LES MESURES DE SÉCURITÉ À ADOPTER";"5";"Google Drive recommandé"
"10";"VraiFaux";"OneDrive propose-t-il environ 15 Go gratuits ?";"";"Vrai";"Sécurité & Sauvegarde";"LES MESURES DE SÉCURITÉ À ADOPTER";"OneDrive 15 Go";"LES MESURES DE SÉCURITÉ À ADOPTER";"5";"OneDrive 15 Go"
"11";"QCM";"Quels types de fichiers un antivirus peut-il analyser avant leur ouverture ?";"Un fichier PDF.|Une photo.|Un fichier ZIP.|Le thème Windows.";"Un fichier PDF.|Une photo.|Un fichier ZIP.";"Sécurité & Sauvegarde";"Leçon 029 — Quelles sont les principales règles de sécurité ?";"analyse antivirus";"Leçon 029 — Quelles sont les principales règles de sécurité ?";"38";"analyse antivirus"
"12";"Compléter";"La bonne pratique est de ________ le dossier Téléchargements régulièrement.";"";"assainir/nettoyer";"Sécurité & Sauvegarde";"Leçon 029 — Quelles sont les principales règles de sécurité ?";"nettoyage Téléchargements";"Leçon 029 — Quelles sont les principales règles de sécurité ?";"38";"nettoyage Téléchargements"
"13";"VraiFaux";"Partager ses mots de passe via une clé USB familiale est-il conseillé ?";"";"Faux";"Sécurité & Sauvegarde";"LES MESURES DE SÉCURITÉ À ADOPTER";"mots de passe confidentialité";"LES MESURES DE SÉCURITÉ À ADOPTER";"5";"mots de passe confidentialité"
"14";"QCM";"Quel abonnement Google Drive est recommandé dans le cours ?";"L’offre gratuite 15 Go.|L’abonnement Premium Workspace 2 To.|Un abonnement Entreprise 5 To.";"L’abonnement Premium Workspace 2 To.";"Sécurité & Sauvegarde";"LES MESURES DE SÉCURITÉ À ADOPTER";"Workspace 2 To 99,99€";"LES MESURES DE SÉCURITÉ À ADOPTER";"5";"Workspace 2 To 99,99€"
"15";"Compléter";"La sauvegarde système est effectuée avec __________ Reflect.";"";"Macrium";"Sécurité & Sauvegarde";"LES MESURES DE SÉCURITÉ À ADOPTER";"Macrium Reflect";"LES MESURES DE SÉCURITÉ À ADOPTER";"5";"Macrium Reflect"
"16";"VraiFaux";"Une sauvegarde trimestrielle avec Macrium Reflect est-elle recommandée ?";"";"Vrai";"Sécurité & Sauvegarde";"Leçon 029 — Quelles sont les principales règles de sécurité ?";"sauvegarde trimestrielle";"Leçon 029 — Quelles sont les principales règles de sécurité ?";"38";"sauvegarde trimestrielle"
"17";"QCM";"Que faut-il faire après un nettoyage réussi avec Glary Utilities ?";"Éteindre l’ordinateur.|Redémarrer l’ordinateur.|Désinstaller Glary.";"Redémarrer l’ordinateur.";"Divers & Maintenance PC";"Leçon 033 — Glary Utilities";"Glary redémarrer";"Leçon 033 — Glary Utilities";"42";"Glary redémarrer"
"18";"Compléter";"En cas d’erreur disque détectée par Glary Utilities, il faut __________.";"";"appeler le formateur";"Divers & Maintenance PC";"Leçon 033 — Glary Utilities";"erreur disque appeler";"Leçon 033 — Glary Utilities";"43";"erreur disque appeler"
"19";"VraiFaux";"Séparer les sessions limite-t-il la propagation des virus et protège-t-il la confidentialité ?";"";"Vrai";"Sécurité & Sauvegarde";"Leçon 032 — Cloisonnement des sessions";"cloisonnement sessions";"Leçon 032 — Cloisonnement des sessions";"41";"cloisonnement sessions"
"20";"QCM";"Quels emplacements de sauvegarde sont mentionnés dans le cours ?";"La Clé Patriot.|Le SSD du formateur.|Un compte Google payant.|Un lecteur CD.";"La Clé Patriot.|Le SSD du formateur.|Un compte Google payant.";"Sécurité & Sauvegarde";"LES MESURES DE SÉCURITÉ À ADOPTER";"emplacements sauvegarde";"LES MESURES DE SÉCURITÉ À ADOPTER";"5";"emplacements sauvegarde"
"21";"VraiFaux";"La session Administrateur est-elle réservée aux installations et dépannages ?";"";"Vrai";"Windows 11 & Fichiers";"Leçon 001 — Sessions Windows";"session administrateur";"Leçon 001 — Sessions Windows";"4";"session administrateur"
"22";"VraiFaux";"La session Renata est-elle la session principale pour travailler ?";"";"Vrai";"Windows 11 & Fichiers";"Leçon 001 — Sessions Windows";"session Renata";"Leçon 001 — Sessions Windows";"4";"session Renata"
"23";"QCM";"Quelles méthodes permettent d’ouvrir le menu Windows ?";"Un clic gauche sur l’icône du menu.|Un clic droit pour afficher le menu contextuel.|Utiliser Ctrl+Alt+Suppr.";"Un clic gauche sur l’icône du menu.|Un clic droit pour afficher le menu contextuel.";"Windows 11 & Fichiers";"Leçon 005 — Menu Windows";"menu Windows";"Leçon 005 — Menu Windows";"12";"menu Windows"
"24";"Compléter";"Le raccourci pour ouvrir l’Explorateur de fichiers est __________.";"";"Windows+E";"Windows 11 & Fichiers";"Leçon 006 — Explorateur Windows";"raccourci explorateur";"Leçon 006 — Explorateur Windows";"13";"raccourci explorateur"
"25";"QCM";"Comment ancrer une fenêtre à gauche ou à droite de l’écran ?";"Windows+Flèche gauche.|Windows+Flèche droite.|Alt+Tab.|Windows+D.";"Windows+Flèche gauche.|Windows+Flèche droite.";"Windows 11 & Fichiers";"Leçon 007 — Ancrage de fenêtres";"ancrage fenêtres";"Leçon 007 — Ancrage de fenêtres";"13";"ancrage fenêtres"
"26";"VraiFaux";"Peut-on copier des éléments en les glissant et en vérifiant l’étiquette Copier ?";"";"Vrai";"Windows 11 & Fichiers";"Leçon 008 — Copier/Coller";"glisser copier";"Leçon 008 — Copier/Coller";"15";"glisser copier"
"27";"QCM";"Quelle touche permet de basculer entre Copier et Déplacer lors d’un glisser-déposer ?";"La touche Maj (Shift).|La touche Ctrl.|La touche Alt.";"La touche Maj (Shift).";"Windows 11 & Fichiers";"Leçon 008 — Copier/Coller";"bascule copier déplacer";"Leçon 008 — Copier/Coller";"15";"bascule copier déplacer"
"28";"Compléter";"Le raccourci clavier pour Couper est __________.";"";"Ctrl+X";"Windows 11 & Fichiers";"Leçon 008 — Copier/Coller";"raccourci couper";"";"15";"raccourci couper"
"29";"QCM";"Quelles méthodes permettent de sélectionner plusieurs éléments ?";"Shift+clic.|Ctrl+clic.|Cliquer-glisser.|Ctrl+A.";"Shift+clic.|Ctrl+clic.|Cliquer-glisser.|Ctrl+A.";"Windows 11 & Fichiers";"Leçon 010 — Sélectionner";"sélections";"Leçon 010 — Sélectionner";"18";"sélections"
"30";"VraiFaux";"Est-il conseillé d’utiliser des espaces et des accents dans les noms de fichiers ?";"";"Faux";"Windows 11 & Fichiers";"Leçon 012-014 — Nommer les fichiers";"noms fichiers";"Leçon 012-014 — Nommer les fichiers";"22";"noms fichiers"
"31";"QCM";"Quels caractères sont interdits dans les noms de fichiers Windows ?";"<|>|:|""|/|\|\||\?|*.";"<|>|:|""|/|\|\||\?|*.";"Windows 11 & Fichiers";"Leçon 014 — Caractères interdits";"caractères interdits";"Leçon 014 — Caractères interdits";"24";"caractères interdits"
"32";"Compléter";"La bonne pratique est d’éviter les ________ trop longs.";"";"noms de fichiers";"Windows 11 & Fichiers";"Leçon 017 — Bonnes pratiques";"nom trop long";"Leçon 017 — Bonnes pratiques";"25";"nom trop long"
"33";"QCM";"Quels outils de recherche sont cités dans le cours ?";"L’Explorateur Windows.|Everything.|Spotlight.";"L’Explorateur Windows.|Everything.";"Windows 11 & Fichiers";"Leçon 018-021 — Recherche Windows";"recherche Everything";"Leçon 018-021 — Recherche Windows";"25";"recherche Everything"
"34";"VraiFaux";"Les filtres de recherche utilisent-ils des mots-clés en anglais comme size, type ou author ?";"";"Vrai";"Windows 11 & Fichiers";"Leçon 020 — Les différentes méthodes de recherche";"filtres anglais";"Leçon 020 — Les différentes méthodes de recherche";"26";"filtres anglais"
"35";"Compléter";"Quel est le caractère générique utilisé pour remplacer n’importe quels caractères ?";"";"*";"Windows 11 & Fichiers";"Leçon 020 — Les différentes méthodes de recherche";"joker étoile";"Leçon 020 — Les différentes méthodes de recherche";"25";"joker étoile"
"36";"Compléter";"Pour sélectionner tout le contenu d’un dossier, on utilise __________.";"";"Ctrl+A";"Windows 11 & Fichiers";"Leçon 010 — Sélectionner";"Ctrl+A";"Leçon 010 — Sélectionner";"20";"Ctrl+A"
"37";"QCM";"Où peut-on trouver les différentes sessions dans l’écran de connexion ?";"Le profil Administrateur.|Le profil Renata.|Le profil Famille.|Un profil Invité masqué.";"Le profil Administrateur.|Le profil Renata.|Le profil Famille.";"Windows 11 & Fichiers";"Leçon 001 — Sessions Windows";"sessions";"Leçon 001 — Sessions Windows";"4";"sessions"
"38";"VraiFaux";"Le raccourci Windows+D permet-il d’afficher ou de masquer le Bureau ?";"";"Vrai";"Windows 11 & Fichiers";"Raccourcis — Windows";"Windows+D";"Raccourcis — Windows";"35";"Windows+D"
"39";"QCM";"Quels éléments peuvent être réglés dans le volet Réglages rapides ?";"Le Wi-Fi.|Le Bluetooth.|Le Mode avion.|La luminosité.|Le son.|La batterie.";"Le Wi-Fi.|Le Bluetooth.|Le Mode avion.|La luminosité.|Le son.|La batterie.";"Windows 11 & Fichiers";"Leçon 004 — Réglages rapides";"réglages rapides";"Leçon 004 — Réglages rapides";"11";"réglages rapides"
"40";"Compléter";"Pour verrouiller la session, utiliser __________.";"";"Windows+L";"Windows 11 & Fichiers";"Raccourcis — Windows";"verrouiller session";"Raccourcis — Windows";"35";"verrouiller session"
"41";"VraiFaux";"Alt+F4 permet-il de fermer la fenêtre active ?";"";"Vrai";"Windows 11 & Fichiers";"Raccourcis — Windows";"Alt+F4";"Raccourcis — Windows";"35";"Alt+F4"
"42";"QCM";"Quelle combinaison ouvre directement le Gestionnaire des tâches ?";"Ctrl+Maj+Échap.|Ctrl+Alt+Suppr.|Alt+Tab.";"Ctrl+Maj+Échap.";"Windows 11 & Fichiers";"Raccourcis — Windows";"gestionnaire tâches";"Raccourcis — Windows";"35";"gestionnaire tâches"
"43";"Compléter";"Pour annuler une action : __________ ; pour rétablir : __________.";"";"Ctrl+Z ; Ctrl+Y";"Windows 11 & Fichiers";"Raccourcis — Windows";"annuler rétablir";"Raccourcis — Windows";"35";"annuler rétablir"
"44";"QCM";"Quels emplacements faut-il éviter pour stocker durablement ?";"C:\Users\Nom\Documents.|Le Bureau.|Google Drive.";"C:\Users\Nom\Documents.|Le Bureau.";"Divers & Maintenance PC";"LES MESURES DE SÉCURITÉ À ADOPTER";"emplacement éviter";"LES MESURES DE SÉCURITÉ À ADOPTER";"5";"emplacement éviter"
"45";"VraiFaux";"Un nom de fichier doit-il rester concis et éviter les mots inutiles ?";"";"Vrai";"Windows 11 & Fichiers";"Leçon 017 — Bonnes pratiques";"noms concis";"Leçon 017 — Bonnes pratiques";"25";"noms concis"
"46";"QCM";"Quels logiciels de traitement de texte sont cités dans le cours ?";"Microsoft Word.|LibreOffice Writer.|Google Docs.|Paint.";"Microsoft Word.|LibreOffice Writer.|Google Docs.";"Logiciels & Bureautique";"Leçon 022-023-026 — Traitement de texte";"traitement de texte";"Leçon 022-023-026 — Traitement de texte";"28";"traitement de texte"
"47";"VraiFaux";"Google Docs enregistre-t-il automatiquement dans le cloud ?";"";"Vrai";"Logiciels & Bureautique";"Leçon 023 — Google Docs";"enregistrement auto";"Leçon 023 — Google Docs";"31";"enregistrement auto"
"48";"Compléter";"L’extension native d’un document LibreOffice Writer est ______.";"";".odt";"Logiciels & Bureautique";"Leçon 026 — LibreOffice Writer";"extension odt";"Leçon 026 — LibreOffice Writer";"34";"extension odt"
"49";"QCM";"Où sont rangés les logiciels portables sur l’ordinateur selon le cours ?";"C:\USB-(PORTABLE-APPS)\PortableApps.|Clé 128GORENATA\USB-(PORTABLE-APPS)\PortableApps.|C:\Program Files.";"C:\USB-(PORTABLE-APPS)\PortableApps.|Clé 128GORENATA\USB-(PORTABLE-APPS)\PortableApps.";"Logiciels & Bureautique";"Leçon 025 — Logiciels portables";"emplacement portables";"Leçon 025 — Logiciels portables";"32";"emplacement portables"
"50";"VraiFaux";"Pour installer un logiciel en session Renata, faut-il entrer le mot de passe Administrateur ?";"";"Vrai";"Logiciels & Bureautique";"Leçon 030 — Installation logiciels";"setup mot de passe";"Leçon 030 — Installation logiciels";"39";"setup mot de passe"
"51";"Compléter";"Pour désinstaller un logiciel, cliquer droit sur le menu Windows puis choisir __________.";"";"Applications installées";"Logiciels & Bureautique";"Leçon 031 — Désinstallation logiciels";"désinstaller";"Leçon 031 — Désinstallation logiciels";"41";"désinstaller"
"52";"QCM";"Quels exemples de logiciels portables sont cités ?";"Notepad++.|Foxit PDF Reader.|LibreOffice.|Photoshop.";"Notepad++.|Foxit PDF Reader.|LibreOffice.";"Logiciels & Bureautique";"Leçon 024-025 — Logiciels portables";"exemples portables";"Leçon 024-025 — Logiciels portables";"32";"exemples portables"
"53";"VraiFaux";"Peut-on créer un fichier InDesign directement via Nouveau dans l’explorateur Windows ?";"";"Faux";"Logiciels & Bureautique";"Leçon 009 — Explorateur Windows";"indesign création";"Leçon 009 — Explorateur Windows";"16";"indesign création"
"54";"Compléter";"Pour exporter un document en PDF dans LibreOffice Writer, cliquer sur Fichier puis __________.";"";"Exporter en PDF";"Logiciels & Bureautique";"Leçon 026 — LibreOffice Writer";"export PDF";"Leçon 026 — LibreOffice Writer";"34";"export PDF"
"55";"QCM";"Quels navigateurs sont compatibles avec Google Drive et Google Docs ?";"Google Chrome.|Mozilla Firefox.|Microsoft Edge.|Safari.";"Google Chrome.|Mozilla Firefox.|Microsoft Edge.";"Logiciels & Bureautique";"Leçon 023 — Google Docs";"navigateurs";"Leçon 023 — Google Docs";"31";"navigateurs"
"56";"VraiFaux";"Les logiciels open source sont-ils modifiables selon leur licence ?";"";"Vrai";"Logiciels & Bureautique";"Leçon 024 — Logiciels open source";"open source";"Leçon 024 — Logiciels open source";"32";"open source"
"57";"Compléter";"Le lanceur des applications portables se nomme __________.exe";"";"Start";"Logiciels & Bureautique";"Leçon 025 — Logiciels portables";"Start.exe";"Leçon 025 — Logiciels portables";"32";"Start.exe"
"58";"QCM";"Quelles suites logicielles sont installées sur le PC selon le cours ?";"Microsoft Office.|Adobe.|Corel Draw.|SketchUp.|VirtualDJ.";"Microsoft Office.|Adobe.|Corel Draw.|SketchUp.|VirtualDJ.";"Logiciels & Bureautique";"Leçon 028-04 — Suites installées";"suites installées";"Leçon 028-04 — Suites installées";"36";"suites installées"
"59";"VraiFaux";"Word, LibreOffice et Google Docs peuvent-ils être utilisés pour des besoins courants ?";"";"Vrai";"Logiciels & Bureautique";"Leçon 035 — Google Drive & Docs";"équivalences";"Leçon 035 — Google Drive & Docs";"47";"équivalences"
"60";"Compléter";"Dans Google Drive, Mon Drive représente la ______ du stockage.";"";"racine";"Logiciels & Bureautique";"Leçon 035 — Google Drive & Docs";"racine";"Leçon 035 — Google Drive & Docs";"47";"racine"
"61";"VraiFaux";"Faut-il vérifier que l’on utilise le bon compte Gmail avant d'envoyer un e-mail ?";"";"Vrai";"Internet & Gmail";"Leçon 039 — Gmail";"bon compte Gmail";"Leçon 039 — Gmail";"59";"bon compte Gmail"
"62";"Compléter";"Dans le champ « A », il faut saisir le ou les __________.";"";"destinataires";"Internet & Gmail";"Leçon 039 — Gmail";"destinataires";"Leçon 039 — Gmail";"59";"destinataires"
"63";"QCM";"Quels navigateurs permettent d'accéder à Gmail et Google Drive ?";"Google Chrome.|Firefox.|Edge.|Internet Explorer.";"Google Chrome.|Firefox.|Edge.";"Internet & Gmail";"Leçon 023 — Google Docs";"navigateurs";"Leçon 023 — Google Docs";"31";"navigateurs"
"64";"VraiFaux";"Est-il inutile d’ajouter les contacts fréquents dans le carnet d’adresses Google ?";"";"Faux";"Internet & Gmail";"Leçon 039 — Gmail";"carnet d’adresses";"Leçon 039 — Gmail";"60";"carnet d’adresses"
"65";"Compléter";"Pour rechercher un contact dans Gmail, commencer à taper le ______.";"";"nom";"Internet & Gmail";"Leçon 039 — Gmail";"auto-complétion";"Leçon 039 — Gmail";"59";"auto-complétion"
"66";"QCM";"Que peut-on régler dans le volet Réseau pour le Wi-Fi ?";"Activer le Wi-Fi.|Voir la liste des réseaux.|Activer le Mode avion.|Régler le Bluetooth.";"Activer le Wi-Fi.|Voir la liste des réseaux.|Activer le Mode avion.";"Internet & Gmail";"Leçon 004 — Réglages rapides";"wifi réglages";"Leçon 004 — Réglages rapides";"11";"wifi réglages"
"67";"VraiFaux";"Le Mode avion coupe-t-il les communications sans fil ?";"";"Vrai";"Internet & Gmail";"Leçon 004 — Réglages rapides";"mode avion";"Leçon 004 — Réglages rapides";"11";"mode avion"
"68";"Compléter";"Pour ouvrir la fenêtre Exécuter sous Windows, utiliser __________.";"";"Windows+R";"Internet & Gmail";"Raccourcis — Windows";"Win+R";"Raccourcis — Windows";"35";"Win+R"
"69";"QCM";"Que faut-il vérifier avant d’envoyer un e-mail ?";"Être connecté avec le bon compte.|Le destinataire.|Un objet clair.|Utiliser une police fantaisie.";"Être connecté avec le bon compte.|Le destinataire.|Un objet clair.";"Internet & Gmail";"Leçon 039 — Gmail";"bonnes pratiques e-mail";"Leçon 039 — Gmail";"59";"bonnes pratiques e-mail"
"70";"VraiFaux";"Les pièces jointes peuvent-elles contenir des virus ou malwares ?";"";"Vrai";"Internet & Gmail";"Leçon 029 — Quelles sont les principales règles de sécurité ?";"pièces jointes risque";"Leçon 029 — Quelles sont les principales règles de sécurité ?";"38";"pièces jointes risque"
"71";"VraiFaux";"Photoshop est-il un logiciel payant installable ?";"";"Vrai";"Multimédia & Création";"Leçon 037 — Photoshop";"Photoshop payant";"Leçon 037 — Photoshop";"50";"Photoshop payant"
"72";"Compléter";"Pour enregistrer fréquemment dans Photoshop, le raccourci utilisé est __________.";"";"Ctrl+S";"Multimédia & Création";"Leçon 037 — Photoshop";"Ctrl+S Photoshop";"Leçon 037 — Photoshop";"51";"Ctrl+S Photoshop"
"73";"QCM";"Quels logiciels appartiennent à la suite Adobe ?";"Photoshop.|Illustrator.|InDesign.|Excel.";"Photoshop.|Illustrator.|InDesign.";"Multimédia & Création";"Leçon 028-037 — Suites Adobe";"suite Adobe";"Leçon 028-037 — Suites Adobe";"37";"suite Adobe"
"74";"VraiFaux";"Est-il recommandé de faire des croquis avant de créer une publication ?";"";"Vrai";"Multimédia & Création";"Leçon 037 — Photoshop";"croquis préalable";"Leçon 037 — Photoshop";"51";"croquis préalable"
"75";"Compléter";"Le fichier de travail natif de Photoshop porte l’extension ______.";"";".psd";"Multimédia & Création";"Leçon 037 — Photoshop";"extension psd";"Leçon 037 — Photoshop";"51";"extension psd"
"76";"QCM";"Où faut-il enregistrer le projet de démonstration selon le cours ?";"Dans la clé 128GORENATA sous EXERCICES-GAUCHE.|Sur le Bureau.|Dans Téléchargements.";"Dans la clé 128GORENATA sous EXERCICES-GAUCHE.";"Multimédia & Création";"Leçon 037 — Photoshop";"emplacement démo";"Leçon 037 — Photoshop";"51";"emplacement démo"
"77";"VraiFaux";"Les suites Adobe, Corel et SketchUp sont-elles listées comme installées sur le PC ?";"";"Vrai";"Multimédia & Création";"Leçon 028 — Suites installées";"suites installées";"Leçon 028 — Suites installées";"37";"suites installées"
"78";"Compléter";"Pour copier un chemin d’accès complet dans l’explorateur, utiliser Shift + clic droit puis __________.";"";"Copier en tant que chemin d’accès";"Multimédia & Création";"Astuce Windows dans Leçon 037";"copier chemin accès";"";"52";"copier chemin accès"
"79";"QCM";"Quels formats peuvent être exportés depuis Writer pour être compatibles ?";".docx.|.pdf.|.psd.";".docx.|.pdf.";"Multimédia & Création";"Leçon 026 — LibreOffice Writer";"export Writer";"Leçon 026 — LibreOffice Writer";"34";"export Writer"
"80";"VraiFaux";"Les documents .gdoc affichent-ils leur extension dans Google Drive ?";"";"Vrai";"Multimédia & Création";"Leçon 035 — Google Drive & Docs";".gdoc extensions";"Leçon 035 — Google Drive & Docs";"48";".gdoc extensions"
"81";"VraiFaux";"Jan est-elle une intelligence artificielle locale respectant la confidentialité des données ?";"";"Vrai";"IA & Outils modernes";"Leçon 038 — Intelligence artificielle";"Jan local";"Leçon 038 — Intelligence artificielle";"53";"Jan local"
"82";"QCM";"Quelles intelligences artificielles en ligne sont citées dans le cours ?";"ChatGPT.|Copilot.|Perplexity.ai.|Jan.";"ChatGPT.|Copilot.|Perplexity.ai.";"IA & Outils modernes";"Leçon 038 — Intelligence artificielle";"IA en ligne";"Leçon 038 — Intelligence artificielle";"53";"IA en ligne"
"83";"Compléter";"Un bon prompt comporte un rôle, une tâche et un ________.";"";"contexte";"IA & Outils modernes";"Leçon 038 — Intelligence artificielle";"rôle tâche contexte";"Leçon 038 — Intelligence artificielle";"56";"rôle tâche contexte"
"84";"VraiFaux";"Les intelligences artificielles peuvent-elles inventer des informations (hallucinations) ?";"";"Vrai";"IA & Outils modernes";"Leçon 038 — Intelligence artificielle";"hallucinations";"Leçon 038 — Intelligence artificielle";"53";"hallucinations"
"85";"QCM";"Quel coût typique est évoqué pour un abonnement mensuel d’intelligence artificielle ?";"Environ 20 € / mois.|Gratuit illimité.|200 € / mois.";"Environ 20 € / mois.";"IA & Outils modernes";"Leçon 038 — Intelligence artificielle";"coût IA";"Leçon 038 — Intelligence artificielle";"53";"coût IA"
"86";"Compléter";"Pour économiser, on peut acheter un forfait en fonction de sa __________.";"";"consommation";"IA & Outils modernes";"Leçon 038 — Intelligence artificielle";"forfait consommation";"Leçon 038 — Intelligence artificielle";"54";"forfait consommation"
"87";"VraiFaux";"Les réponses varient-elles selon l’intelligence artificielle utilisée ?";"";"Vrai";"IA & Outils modernes";"Leçon 038 — Intelligence artificielle";"variabilité IA";"Leçon 038 — Intelligence artificielle";"55";"variabilité IA"
"88";"QCM";"Où est-il conseillé de rédiger son prompt avant de le coller dans une IA ?";"Dans Notepad++.|Dans Word.|Dans Paint.";"Dans Notepad++.";"IA & Outils modernes";"Leçon 038 — Intelligence artificielle";"préparer prompt Notepad++";"Leçon 038 — Intelligence artificielle";"58";"préparer prompt Notepad++"
"89";"Compléter";"Le nombre d’unités de calcul facturées par certaines IA se nomme des __________.";"";"tokens";"IA & Outils modernes";"Leçon 038 — Intelligence artificielle";"tokens";"Leçon 038 — Intelligence artificielle";"53";"tokens"
"90";"VraiFaux";"Copilot et Perplexity ont-ils accès au web pour améliorer la précision de l’actualité ?";"";"Vrai";"IA & Outils modernes";"Leçon 038 — Intelligence artificielle";"web accès";"Leçon 038 — Intelligence artificielle";"55";"web accès"
"91";"VraiFaux";"Glary Utilities Pro est-il un outil de maintenance puissant à utiliser avec précaution ?";"";"Vrai";"Divers & Maintenance PC";"Leçon 033 — Glary Utilities";"Glary puissant";"Leçon 033 — Glary Utilities";"43";"Glary puissant"
"92";"QCM";"Quelles étapes sont recommandées pour utiliser Glary en 1-clic ?";"Sélectionner toutes les options.|Lancer l’analyse.|Autoriser la réparation automatique.|Redémarrer le PC.";"Sélectionner toutes les options.|Lancer l’analyse.|Autoriser la réparation automatique.|Redémarrer le PC.";"Divers & Maintenance PC";"Leçon 033 — Glary Utilities";"Glary 1-clic";"Leçon 033 — Glary Utilities";"43";"Glary 1-clic"
"93";"Compléter";"Après un nettoyage Glary réussi, il est conseillé de __________ l’ordinateur.";"";"redémarrer";"Divers & Maintenance PC";"Leçon 033 — Glary Utilities";"redémarrer";"Leçon 033 — Glary Utilities";"43";"redémarrer"
"94";"VraiFaux";"Installer des logiciels inutiles n’a-t-il aucune conséquence sur les performances ?";"";"Faux";"Divers & Maintenance PC";"Leçon 029-030 — Sécurité & Installation";"installer inutile";"Leçon 029-030 — Sécurité & Installation";"38";"installer inutile"
"95";"QCM";"Pourquoi faut-il éviter le dossier C:\Users pour stocker ses fichiers ?";"Risque de perte en cas de réinstallation.|Fichiers dispersés entre les sessions.|Manque d’espace.|Problème de sécurité.";"Risque de perte en cas de réinstallation.|Fichiers dispersés entre les sessions.";"Divers & Maintenance PC";"LES MESURES DE SÉCURITÉ À ADOPTER";"éviter C:\Users";"LES MESURES DE SÉCURITÉ À ADOPTER";"5";"éviter C:\Users"
"96";"Compléter";"Pour rechercher efficacement des fichiers, utiliser Everything avec des ________ génériques (*, ?).";"";"caractères";"Divers & Maintenance PC";"Leçon 021 — Utiliser l’utilitaire Everything";"Everything caractères";"Leçon 021 — Utiliser l’utilitaire Everything";"26";"Everything caractères"
"97";"VraiFaux";"Séparer les sessions Administrateur/Renata/Famille protège-t-il aussi la confidentialité ?";"";"Vrai";"Divers & Maintenance PC";"Leçon 032 — Cloisonnement des sessions";"confidentialité sessions";"Leçon 032 — Cloisonnement des sessions";"41";"confidentialité sessions"
"98";"QCM";"Quels services cloud sont cités dans le cours ?";"Google Drive.|OneDrive.|iCloud.";"Google Drive.|OneDrive.";"Divers & Maintenance PC";"LES MESURES DE SÉCURITÉ À ADOPTER";"cloud cités";"LES MESURES DE SÉCURITÉ À ADOPTER";"5";"cloud cités"
"99";"Compléter";"Le concurrent direct de Google Drive cité est __________.";"";"OneDrive";"Divers & Maintenance PC";"LES MESURES DE SÉCURITÉ À ADOPTER";"concurrent Drive";"LES MESURES DE SÉCURITÉ À ADOPTER";"5";"concurrent Drive"
"100";"VraiFaux";"Les logiciels installables sont-ils souvent propriétaires et payants ?";"";"Vrai";"Divers & Maintenance PC";"Leçon 024 — Logiciels open source";"propriétaires payants";"Leçon 024 — Logiciels open source";"32";"propriétaires payants"
"101";"VraiFaux";"Comme vu dans la Leçon 044 — Macrium Reflect, cet outil permet de sauvegarder l’intégralité du système Windows.";"";"Vrai";"Sécurité & Sauvegarde";"Leçon 044 — Macrium Reflect";"sauvegarde système Macrium";"Leçon 044 — Macrium Reflect";"72";"sauvegarde système Macrium"
"102";"Compléter";"Selon la Leçon 042 — Créer un mot de passe, un mot de passe sûr doit contenir des lettres, des chiffres et des ________.";"";"symboles";"Sécurité & Sauvegarde";"Leçon 042 — Créer un mot de passe";"mot de passe symboles";"Leçon 042 — Créer un mot de passe";"70";"mot de passe symboles"
"103";"QCM";"Comme vu dans la Leçon 043 — Réseaux sociaux, quelles informations ne doivent jamais être publiées ?";"L’adresse du domicile.|Les numéros de cartes bancaires.|Les mots de passe.|Le prénom du chat.";"L’adresse du domicile.|Les numéros de cartes bancaires.|Les mots de passe.";"Sécurité & Sauvegarde";"Leçon 043 — Réseaux sociaux";"risques réseaux sociaux";"Leçon 043 — Réseaux sociaux";"71";"risques réseaux sociaux"
"104";"VraiFaux";"Comme vu dans la Leçon 040 — Keep, Google Keep permet de prendre des notes et listes depuis un smartphone.";"";"Vrai";"IA & Outils modernes";"Leçon 040 — Keep";"Keep prise notes smartphone";"Leçon 040 — Keep";"61";"Keep prise notes smartphone"
"105";"QCM";"Selon la Leçon 041 — Proton Pass, quel avantage apporte un coffre-fort numérique pour les mots de passe ?";"Stockage sécurisé.|Génération de mots de passe.|Partage illimité sur réseaux sociaux.|Remplacement des antivirus.";"Stockage sécurisé.|Génération de mots de passe.";"Sécurité & Sauvegarde";"Leçon 041 — Proton Pass";"avantages Proton Pass";"Leçon 041 — Proton Pass";"63";"avantages Proton Pass"
"106";"Compléter";"Comme expliqué dans la Leçon 020-021 — Recherche Windows, pour afficher tous les fichiers on peut utiliser le symbole ______.";"";"*";"Windows 11 & Fichiers";"Leçon 020 — Les différentes méthodes de recherche";"joker étoile";"Leçon 020 — Les différentes méthodes de recherche";"25";"joker étoile"
"107";"VraiFaux";"Comme vu dans la Leçon 035 — Google Drive & Docs, l’accès aux documents est possible depuis n’importe quel appareil connecté.";"";"Vrai";"Logiciels & Bureautique";"Leçon 035 — Google Drive & Docs";"documents cloud accessibles";"Leçon 035 — Google Drive & Docs";"47";"documents cloud accessibles"
"108";"QCM";"Comme rappelé dans la Leçon 008 — Copier/Coller, quelles méthodes permettent de copier dans Windows ?";"Ctrl+C.|Clic droit Copier.|Ctrl+X.|Ctrl+S.";"Ctrl+C.|Clic droit Copier.";"Windows 11 & Fichiers";"Leçon 008 — Copier/Coller";"méthodes copier";"Leçon 008 — Copier/Coller";"15";"méthodes copier"
"109";"Compléter";"D’après la Leçon 044 — Macrium Reflect, une sauvegarde doit être effectuée au moins tous les ______ mois.";"";"3";"Sécurité & Sauvegarde";"Leçon 044 — Macrium Reflect";"sauvegarde trimestrielle";"Leçon 044 — Macrium Reflect";"38";"sauvegarde trimestrielle"
"110";"VraiFaux";"Comme vu dans la Leçon 042 — Créer un mot de passe, utiliser uniquement un prénom est une méthode sécurisée.";"";"Faux";"Sécurité & Sauvegarde";"Leçon 042 — Créer un mot de passe";"prénom mot de passe";"Leçon 042 — Créer un mot de passe";"70";"prénom mot de passe"
"111";"QCM";"Comme vu dans la Leçon 037 — Photoshop, quel raccourci permet d’enregistrer rapidement ?";"Ctrl+S.|Ctrl+A.|Ctrl+Alt+Suppr.|Alt+S.";"Ctrl+S.";"Multimédia & Création";"Leçon 037 — Photoshop";"raccourci sauvegarde Photoshop";"Leçon 037 — Photoshop";"51";"raccourci sauvegarde Photoshop"
"112";"Compléter";"Selon la Leçon 039 — Gmail, avant d’envoyer un e-mail il faut vérifier l’adresse du __________.";"";"destinataire";"Internet & Gmail";"Leçon 039 — Gmail";"vérifier destinataire";"Leçon 039 — Gmail";"59";"vérifier destinataire"
"113";"QCM";"Comme vu dans la Leçon 025 — Logiciels portables, où se trouvent les applications portables installées sur le PC ?";"C:\USB-(PORTABLE-APPS)\PortableApps.|Clé USB.|Bureau.|Téléchargements.";"C:\USB-(PORTABLE-APPS)\PortableApps.|Clé USB.";"Logiciels & Bureautique";"Leçon 025 — Logiciels portables";"emplacement PortableApps";"Leçon 025 — Logiciels portables";"32";"emplacement PortableApps"
"114";"VraiFaux";"D’après la Leçon 041 — Proton Pass, un mot de passe peut être partagé librement avec n’importe qui.";"";"Faux";"Sécurité & Sauvegarde";"Leçon 041 — Proton Pass";"ne pas partager mot de passe";"Leçon 041 — Proton Pass";"63";"ne pas partager mot de passe"
"115";"Compléter";"Comme indiqué dans la Leçon 040 — Keep, l’application Keep est idéale pour créer des ________ de courses.";"";"listes";"IA & Outils modernes";"Leçon 040 — Keep";"Keep listes courses";"Leçon 040 — Keep";"61";"Keep listes courses"
"116";"QCM";"Selon la Leçon 044 — Macrium Reflect, que peut-on faire avec une sauvegarde système ?";"Restaurer Windows.|Récupérer ses fichiers.|Changer le fond d’écran.|Éviter les virus.";"Restaurer Windows.|Récupérer ses fichiers.";"Sécurité & Sauvegarde";"Leçon 044 — Macrium Reflect";"restauration système";"Leçon 044 — Macrium Reflect";"72";"restauration système"
"117";"VraiFaux";"Comme vu dans la Leçon 043 — Réseaux sociaux, publier une photo de votre maison peut attirer des risques.";"";"Vrai";"Sécurité & Sauvegarde";"Leçon 043 — Réseaux sociaux";"photo maison risques";"Leçon 043 — Réseaux sociaux";"71";"photo maison risques"
"118";"QCM";"Selon la Leçon 020-021 — Recherche Windows, quels mots-clés (en anglais) peuvent filtrer une recherche ?";"size.|type.|author.|fromage.";"size.|type.|author.";"Windows 11 & Fichiers";"Leçon 020-021 — Recherche Windows";"mots clés anglais recherche";"Leçon 020-021 — Recherche Windows";"26";"mots clés anglais recherche"
"119";"Compléter";"Comme mentionné dans la Leçon 035 — Google Drive & Docs, Mon Drive correspond à la ______ du stockage.";"";"racine";"Logiciels & Bureautique";"Leçon 035 — Google Drive & Docs";"racine Drive";"Leçon 035 — Google Drive & Docs";"47";"racine Drive"
"120";"VraiFaux";"Selon la Leçon 042 — Créer un mot de passe, un mot de passe long est plus difficile à deviner.";"";"Vrai";"Sécurité & Sauvegarde";"Leçon 042 — Créer un mot de passe";"longueur mot de passe";"Leçon 042 — Créer un mot de passe";"70";"longueur mot de passe"
"121";"QCM";"Comme vu dans la Leçon 041 — Proton Pass, quelles informations peut-on stocker dans un coffre-fort numérique ?";"Mots de passe.|Cartes bancaires.|Notes privées.|Photos publiques.";"Mots de passe.|Cartes bancaires.|Notes privées.";"Sécurité & Sauvegarde";"Leçon 041 — Proton Pass";"Proton Pass stockage informations";"Leçon 041 — Proton Pass";"63";"Proton Pass stockage informations"
"122";"VraiFaux";"Comme vu dans la Leçon 044 — Macrium Reflect, il est possible de restaurer le système Windows après un problème grave.";"";"Vrai";"Sécurité & Sauvegarde";"Leçon 044 — Macrium Reflect";"restaurer système";"Leçon 044 — Macrium Reflect";"72";"restaurer système"
"123";"Compléter";"Selon la Leçon 043 — Réseaux sociaux, il ne faut jamais publier son numéro de ________.";"";"téléphone";"Sécurité & Sauvegarde";"Leçon 043 — Réseaux sociaux";"ne pas publier téléphone";"Leçon 043 — Réseaux sociaux";"71";"ne pas publier téléphone"
"124";"QCM";"Comme rappelé dans la Leçon 037 — Photoshop, quels fichiers sont compatibles lors d’une exportation ?";".jpg.|.png.|.pdf.|.psd.";".jpg.|.png.|.pdf.";"Multimédia & Création";"Leçon 037 — Photoshop";"export Photoshop";"Leçon 037 — Photoshop";"52";"export Photoshop"
"125";"VraiFaux";"Comme vu dans la Leçon 026 — LibreOffice Writer, l’extension .odt est le format natif de Writer.";"";"Vrai";"Logiciels & Bureautique";"Leçon 026 — LibreOffice Writer";"extension odt";"Leçon 026 — LibreOffice Writer";"34";"extension odt"
"126";"Compléter";"Selon la Leçon 042 — Créer un mot de passe, il faut éviter les mots liés à sa ________ personnelle.";"";"vie";"Sécurité & Sauvegarde";"Leçon 042 — Créer un mot de passe";"vie personnelle mot de passe";"Leçon 042 — Créer un mot de passe";"70";"vie personnelle mot de passe"
"127";"QCM";"Comme vu dans la Leçon 035 — Google Drive & Docs, quels sont les avantages du stockage cloud ?";"Accès partout.|Sauvegarde automatique.|Partage sécurisé.|Stockage irréversible.";"Accès partout.|Sauvegarde automatique.|Partage sécurisé.";"Logiciels & Bureautique";"Leçon 035 — Google Drive & Docs";"avantages cloud";"Leçon 035 — Google Drive & Docs";"77";"avantages cloud"
"128";"VraiFaux";"Selon la Leçon 008 — Copier/Coller, la combinaison Ctrl+X permet de couper un élément.";"";"Vrai";"Windows 11 & Fichiers";"Leçon 008 — Copier/Coller";"raccourci couper CtrlX";"Leçon 008 — Copier/Coller";"15";"raccourci couper CtrlX"
"129";"Compléter";"Comme vu dans la Leçon 025 — Logiciels portables, les applications ne s’installent pas dans ______\\Program Files.";"";"C:";"Logiciels & Bureautique";"Leçon 025 — Logiciels portables";"portable pas Program Files";"Leçon 025 — Logiciels portables";"32";"portable pas Program Files"
"130";"QCM";"Selon la Leçon 042 — Créer un mot de passe, qu’est-ce qui rend un mot de passe plus difficile à deviner ?";"Longueur.|Symboles.|Année de naissance.|Majuscules.";"Longueur.|Symboles.|Majuscules.";"Sécurité & Sauvegarde";"Leçon 042 — Créer un mot de passe";"mot de passe complexité";"Leçon 042 — Créer un mot de passe";"70";"mot de passe complexité"
"131";"VraiFaux";"Comme vu dans la Leçon 043 — Réseaux sociaux, une photo personnelle peut révéler des informations involontaires.";"";"Vrai";"Sécurité & Sauvegarde";"Leçon 043 — Réseaux sociaux";"photo informations risque";"Leçon 043 — Réseaux sociaux";"71";"photo informations risque"
"132";"QCM";"Selon la Leçon 041 — Proton Pass, qu’apporte la génération automatique de mots de passe ?";"Plus difficile à deviner.|Sécurité renforcée.|Identiques pour tous les sites.|Pas besoin de sauvegarde.";"Plus difficile à deviner.|Sécurité renforcée.";"Sécurité & Sauvegarde";"Leçon 041 — Proton Pass";"génération automatique mot passe";"Leçon 041 — Proton Pass";"68";"génération automatique mot passe"
"133";"Compléter";"Comme mentionné dans la Leçon 044 — Macrium Reflect, la sauvegarde doit être stockée sur un support ______.";"";"externe";"Sécurité & Sauvegarde";"Leçon 044 — Macrium Reflect";"sauvegarde support externe";"Leçon 044 — Macrium Reflect";"72";"sauvegarde support externe"
"134";"VraiFaux";"Selon la Leçon 040 — Keep, Keep permet de retrouver ses notes sur PC et smartphone grâce au cloud.";"";"Vrai";"IA & Outils modernes";"Leçon 040 — Keep";"Keep synchronisation cloud";"Leçon 040 — Keep";"61";"Keep synchronisation cloud"
"135";"QCM";"Comme vu dans la Leçon 039 — Gmail, que faut-il vérifier avant l’envoi d’un e-mail ?";"Destinataire.|Objet.|Pièce jointe.|La police fantaisie.";"Destinataire.|Objet.|Pièce jointe.";"Internet & Gmail";"Leçon 039 — Gmail";"vérifications envoi mail";"Leçon 039 — Gmail";"60";"vérifications envoi mail"
"136";"Compléter";"Selon la Leçon 042 — Créer un mot de passe, il est conseillé de remplacer les lettres par des ________.";"";"chiffres";"Sécurité & Sauvegarde";"Leçon 042 — Créer un mot de passe";"remplacer lettres chiffres";"Leçon 042 — Créer un mot de passe";"70";"remplacer lettres chiffres"
"137";"VraiFaux";"Comme rappelé dans la Leçon 020-021 — Recherche Windows, la recherche peut filtrer par taille ou type.";"";"Vrai";"Windows 11 & Fichiers";"Leçon 020-021 — Recherche Windows";"recherche filtre type taille";"Leçon 020-021 — Recherche Windows";"25";"recherche filtre type taille"
"138";"QCM";"Selon la Leçon 037 — Photoshop, quel fichier est le format natif de travail dans Photoshop ?";".psd.|.pdf.|.jpg.|.png.";".psd.";"Multimédia & Création";"Leçon 037 — Photoshop";"format natif psd";"Leçon 037 — Photoshop";"51";"format natif psd"
"139";"Compléter";"Comme vu dans la Leçon 044 — Macrium Reflect, Macrium permet de créer une ______ du système.";"";"image";"Sécurité & Sauvegarde";"Leçon 044 — Macrium Reflect";"image système";"Leçon 044 — Macrium Reflect";"73";"image système"
"140";"VraiFaux";"Comme vu dans la Leçon 041 — Proton Pass, un coffre-fort numérique peut mémoriser plusieurs comptes.";"";"Vrai";"Sécurité & Sauvegarde";"Leçon 041 — Proton Pass";"coffre contient plusieurs comptes";"Leçon 041 — Proton Pass";"63";"coffre contient plusieurs comptes"
"141";"QCM";"Selon la Leçon 043 — Réseaux sociaux, quels risques sont liés au fait de publier ses déplacements ?";"Cambrioleurs.|Usurpation.|Publicité.|Perte de données.";"Cambrioleurs.|Usurpation.";"Sécurité & Sauvegarde";"Leçon 043 — Réseaux sociaux";"publier déplacements risques";"Leçon 043 — Réseaux sociaux";"71";"publier déplacements risques"
"142";"Compléter";"Comme vu dans la Leçon 040 — Keep, Keep peut être utilisé pour recopier des ________.";"";"codes";"IA & Outils modernes";"Leçon 040 — Keep";"Keep copier codes";"Leçon 040 — Keep";"61";"Keep copier codes"
"143";"VraiFaux";"Selon la Leçon 042 — Créer un mot de passe, un mot de passe unique pour chaque site améliore la sécurité.";"";"Vrai";"Sécurité & Sauvegarde";"Leçon 042 — Créer un mot de passe";"mot passe unique";"Leçon 042 — Créer un mot de passe";"70";"mot passe unique"
"144";"QCM";"Comme vu dans la Leçon 025 — Logiciels portables, quels avantages présentent les applis portables ?";"Pas d’installation.|Utilisables sur plusieurs PC.|Accélèrent internet.|Transport sur clé USB.";"Pas d’installation.|Utilisables sur plusieurs PC.|Transport sur clé USB.";"Logiciels & Bureautique";"Leçon 025 — Logiciels portables";"avantages logiciels portables";"Leçon 025 — Logiciels portables";"32";"avantages logiciels portables"
"145";"Compléter";"Selon la Leçon 039 — Gmail, pour retrouver automatiquement un contact il suffit d’écrire les premières ________.";"";"lettres";"Internet & Gmail";"Leçon 039 — Gmail";"autocomplete Gmail";"Leçon 039 — Gmail";"59";"autocomplete Gmail"
"146";"VraiFaux";"Comme vu dans la Leçon 041 — Proton Pass, un mot de passe mémorisé dans Proton Pass est synchronisé sur plusieurs appareils.";"";"Vrai";"Sécurité & Sauvegarde";"Leçon 041 — Proton Pass";"Proton Pass synchronisation";"Leçon 041 — Proton Pass";"67";"Proton Pass synchronisation"
"147";"QCM";"Selon la Leçon 044 — Macrium Reflect, pourquoi prévoir plusieurs sauvegardes ?";"Sécurité.|Panne.|Perte PC.|Changer l’arrière-plan.";"Sécurité.|Panne.|Perte PC.";"Sécurité & Sauvegarde";"Leçon 044 — Macrium Reflect";"plusieurs sauvegardes raison";"Leçon 044 — Macrium Reflect";"72";"plusieurs sauvegardes raison"
"148";"Compléter";"Comme indiqué dans la Leçon 043 — Réseaux sociaux, les réseaux sociaux ne sont pas un journal ________.";"";"intime";"Sécurité & Sauvegarde";"Leçon 043 — Réseaux sociaux";"réseaux pas intime";"Leçon 043 — Réseaux sociaux";"71";"réseaux pas intime"
"149";"VraiFaux";"Comme vu dans la Leçon 035 — Google Drive & Docs, un document partagé peut limiter les accès.";"";"Vrai";"Logiciels & Bureautique";"Leçon 035 — Google Drive & Docs";"Drive partage droits";"Leçon 035 — Google Drive & Docs";"79";"Drive partage droits"
"150";"QCM";"Selon la Leçon 042 — Créer un mot de passe, quelles méthodes permettent d’augmenter la sécurité ?";"Majuscules.|Symboles.|Date de naissance.|Longueur.";"Majuscules.|Symboles.|Longueur.";"Sécurité & Sauvegarde";"Leçon 042 — Créer un mot de passe";"méthodes sécurité mot passe";"Leçon 042 — Créer un mot de passe";"70";"méthodes sécurité mot passe"
"151";"QCM";"Comme vu dans la Leçon 044 — Macrium Reflect, dans quel cas la sauvegarde système est-elle indispensable ?";"Panne du disque.|Virus rendant Windows inutilisable.|Perte ou vol de l’ordinateur.|Changer de fond d’écran.";"Panne du disque.|Virus rendant Windows inutilisable.|Perte ou vol de l’ordinateur.";"Sécurité & Sauvegarde";"Leçon 044 — Macrium Reflect";"sauvegarde indispensable";"Leçon 044 — Macrium Reflect";"72";"sauvegarde indispensable"
"152";"VraiFaux";"Comme expliqué dans la Leçon 041 — Proton Pass, réutiliser le même mot de passe sur plusieurs sites augmente fortement les risques d’intrusion.";"";"Vrai";"Sécurité & Sauvegarde";"Leçon 041 — Proton Pass";"risques réutilisation mot de passe";"Leçon 041 — Proton Pass";"63";"risques réutilisation mot de passe"
"153";"Compléter";"Comme vu dans la Leçon 042 — Créer un mot de passe, pour un mot de passe robuste il est recommandé d’utiliser au minimum ______ caractères.";"";"12";"Sécurité & Sauvegarde";"Leçon 042 — Créer un mot de passe";"mot de passe 12 caractères";"Leçon 042 — Créer un mot de passe";"70";"mot de passe 12 caractères"
"154";"QCM";"Selon la Leçon 040 — Keep, pourquoi Keep est-il utile lorsque l’on travaille sur PC et smartphone ?";"Synchronisation.|Notes disponibles partout.|Sauvegarde cloud.|Génère des mots de passe.";"Synchronisation.|Notes disponibles partout.|Sauvegarde cloud.";"IA & Outils modernes";"Leçon 040 — Keep";"Keep utilité multifonction";"Leçon 040 — Keep";"61";"Keep utilité multifonction"
"155";"VraiFaux";"Comme vu dans la Leçon 043 — Réseaux sociaux, publier son absence (vacances) peut attirer des risques physiques.";"";"Vrai";"Sécurité & Sauvegarde";"Leçon 043 — Réseaux sociaux";"absence risque cambriolage";"Leçon 043 — Réseaux sociaux";"71";"absence risque cambriolage"
"156";"Compléter";"Selon la Leçon 035 — Google Drive & Docs, un document partagé peut définir trois niveaux : Lecture, ________ ou Modification.";"";"Commentaire";"Logiciels & Bureautique";"Leçon 035 — Google Drive & Docs";"droits partage";"Leçon 035 — Google Drive & Docs";"79";"droits partage"
"157";"QCM";"Comme rappelé dans la Leçon 020-021 — Recherche Windows, pourquoi utiliser Everything ou la recherche avancée ?";"Gagner du temps.|Retrouver des fichiers perdus.|Éviter de parcourir tout l’ordinateur.|Accélérer la connexion internet.";"Gagner du temps.|Retrouver des fichiers perdus.|Éviter de parcourir tout l’ordinateur.";"Windows 11 & Fichiers";"Leçon 020-021 — Recherche Windows";"recherche optimiser temps";"Leçon 020-021 — Recherche Windows";"28";"recherche optimiser temps"
"158";"VraiFaux";"Comme vu dans la Leçon 025 — Logiciels portables, ces logiciels peuvent être emportés sur une clé USB et utilisés ailleurs.";"";"Vrai";"Logiciels & Bureautique";"Leçon 025 — Logiciels portables";"portable mobilité";"Leçon 025 — Logiciels portables";"32";"portable mobilité"
"159";"Compléter";"Selon la Leçon 039 — Gmail, il est conseillé d’utiliser un objet ______ pour comprendre le contenu du mail avant ouverture.";"";"clair";"Internet & Gmail";"Leçon 039 — Gmail";"objet clair mail";"Leçon 039 — Gmail";"60";"objet clair mail"
"160";"QCM";"Comme vu dans la Leçon 042 — Créer un mot de passe, quelles pratiques améliorent la sécurité ?";"Ne pas utiliser de dates.|Utiliser des symboles.|Combiner majuscules et minuscules.|Mettre son prénom.";"Ne pas utiliser de dates.|Utiliser des symboles.|Combiner majuscules et minuscules.";"Sécurité & Sauvegarde";"Leçon 042 — Créer un mot de passe";"pratique sécuriser mot passe";"Leçon 042 — Créer un mot de passe";"70";"pratique sécuriser mot passe"
"161";"VraiFaux";"Selon la Leçon 044 — Macrium Reflect, une sauvegarde locale sur le même disque protège contre un vol ou un incendie.";"";"Faux";"Sécurité & Sauvegarde";"Leçon 044 — Macrium Reflect";"sauvegarde locale insuffisante";"Leçon 044 — Macrium Reflect";"72";"sauvegarde locale insuffisante"
"162";"Compléter";"Comme vu dans la Leçon 041 — Proton Pass, le stockage des mots de passe est chiffré, ce qui signifie qu’il est ________.";"";"protégé";"Sécurité & Sauvegarde";"Leçon 041 — Proton Pass";"chiffrement sécurité";"Leçon 041 — Proton Pass";"64";"chiffrement sécurité"
"163";"QCM";"Comme rappelé dans la Leçon 043 — Réseaux sociaux, quelles publications peuvent être détournées par des personnes malveillantes ?";"Photos.|Localisations.|Informations de santé.|Recettes de cuisine.";"Photos.|Localisations.|Informations de santé.";"Sécurité & Sauvegarde";"Leçon 043 — Réseaux sociaux";"publications détournement risque";"Leçon 043 — Réseaux sociaux";"71";"publications détournement risque"
"164";"VraiFaux";"Selon la Leçon 040 — Keep, Keep peut aussi servir de pense-bête pour des codes temporaires.";"";"Vrai";"IA & Outils modernes";"Leçon 040 — Keep";"Keep pense bête";"Leçon 040 — Keep";"61";"Keep pense bête"
"165";"Compléter";"Comme vu dans la Leçon 020-021 — Recherche Windows, utiliser un terme précis évite un grand nombre de ________ inutiles.";"";"résultats";"Windows 11 & Fichiers";"Leçon 020-021 — Recherche Windows";"termes précis résultats";"Leçon 020-021 — Recherche Windows";"28";"termes précis résultats"
"166";"QCM";"Selon la Leçon 035 — Google Drive & Docs, quels avantages offre le partage via Drive plutôt que par pièce jointe ?";"Moins de virus.|Version unique partagée.|Accès depuis smartphone.|Fichier plus lourd.";"Moins de virus.|Version unique partagée.|Accès depuis smartphone.";"Logiciels & Bureautique";"Leçon 045 — Partager un document";"partage Drive avantages";"Leçon 045 — Partager un document";"77";"partage Drive avantages"
"167";"VraiFaux";"Comme vu dans la Leçon 025 — Logiciels portables, un logiciel portable peut fonctionner sans installation sur le PC.";"";"Vrai";"Logiciels & Bureautique";"Leçon 025 — Logiciels portables";"pas installation portable";"Leçon 025 — Logiciels portables";"32";"pas installation portable"
"168";"Compléter";"Selon la Leçon 039 — Gmail, l’ajout au carnet d’adresses permet une ________ plus rapide.";"";"recherche";"Internet & Gmail";"Leçon 039 — Gmail";"recherche contact rapide";"Leçon 039 — Gmail";"59";"recherche contact rapide"
"169";"QCM";"Comme vu dans la Leçon 042 — Créer un mot de passe, pourquoi est-il important de ne jamais utiliser le même mot de passe ?";"Fuite de données.|Piratage en cascade.|Spam automatique.|Réparer Windows.";"Fuite de données.|Piratage en cascade.";"Sécurité & Sauvegarde";"Leçon 042 — Créer un mot de passe";"mot passe cascade risque";"Leçon 042 — Créer un mot de passe";"70";"mot passe cascade risque"
"170";"VraiFaux";"Selon la Leçon 044 — Macrium Reflect, une image système permet de retrouver Windows tel qu’il était avant le problème.";"";"Vrai";"Sécurité & Sauvegarde";"Leçon 044 — Macrium Reflect";"image système restauration";"Leçon 044 — Macrium Reflect";"73";"image système restauration"
"171";"Compléter";"Comme vu dans la Leçon 041 — Proton Pass, Proton Pass peut générer un mot de passe ______ impossible à deviner.";"";"aléatoire";"Sécurité & Sauvegarde";"Leçon 041 — Proton Pass";"mot passe aleatoire";"Leçon 041 — Proton Pass";"68";"mot passe aleatoire"
"172";"QCM";"Selon la Leçon 043 — Réseaux sociaux, quelles informations personnelles peuvent faciliter l’usurpation d’identité ?";"Nom complet.|Date de naissance.|Adresse.|Recette de gâteau.";"Nom complet.|Date de naissance.|Adresse.";"Sécurité & Sauvegarde";"Leçon 043 — Réseaux sociaux";"usurpation identité réseaux";"Leçon 043 — Réseaux sociaux";"71";"usurpation identité réseaux"
"173";"VraiFaux";"Comme rappelé dans la Leçon 035 — Google Drive & Docs, le document partagé reste modifiable même si celui-ci a été déplacé dans Drive.";"";"Vrai";"Logiciels & Bureautique";"Leçon 035 — Google Drive & Docs";"modification partage";"Leçon 035 — Google Drive & Docs";"81";"modification partage"
"174";"Compléter";"Selon la Leçon 040 — Keep, Keep est particulièrement utile pour noter rapidement une ________ à ne pas oublier.";"";"information";"IA & Outils modernes";"Leçon 040 — Keep";"Keep noter info";"Leçon 040 — Keep";"61";"Keep noter info"
"175";"QCM";"Comme vu dans la Leçon 020-021 — Recherche Windows, lorsque l’on recherche un fichier dont on ignore le nom, que peut-on faire ?";"Rechercher par extension.|Utiliser des mots-clés.|Filtrer par taille.|Changer de fond d’écran.";"Rechercher par extension.|Utiliser des mots-clés.|Filtrer par taille.";"Windows 11 & Fichiers";"Leçon 020-021 — Recherche Windows";"astuce recherche fichier inconnu";"Leçon 020-021 — Recherche Windows";"28";"astuce recherche fichier inconnu"
"176";"VraiFaux";"Comme vu dans la Leçon 042 — Créer un mot de passe, remplacer certaines lettres par des chiffres rend un mot de passe plus difficile à deviner.";"";"Vrai";"Sécurité & Sauvegarde";"Leçon 042 — Créer un mot de passe";"remplacer lettres chiffres sécurité";"Leçon 042 — Créer un mot de passe";"70";"remplacer lettres chiffres sécurité"
"177";"QCM";"Selon la Leçon 039 — Gmail, quelles bonnes pratiques permettent d’éviter les erreurs lors de l’envoi d’un e-mail ?";"Relire avant d’envoyer.|Vérifier le destinataire.|Ajouter une pièce jointe.|Utiliser uniquement les réponses automatiques.";"Relire avant d’envoyer.|Vérifier le destinataire.|Ajouter une pièce jointe.";"Internet & Gmail";"Leçon 039 — Gmail";"bonnes pratiques envoi mail";"Leçon 039 — Gmail";"60";"bonnes pratiques envoi mail"
"178";"Compléter";"Comme vu dans la Leçon 041 — Proton Pass, Proton Pass synchronise vos mots de passe sur ______ appareils.";"";"plusieurs";"Sécurité & Sauvegarde";"Leçon 041 — Proton Pass";"synchronisation plusieurs appareils";"Leçon 041 — Proton Pass";"67";"synchronisation plusieurs appareils"
"179";"VraiFaux";"Selon la Leçon 044 — Macrium Reflect, l’image système sauvegarde uniquement les photos.";"";"Faux";"Sécurité & Sauvegarde";"Leçon 044 — Macrium Reflect";"image système complet";"Leçon 044 — Macrium Reflect";"73";"image système complet"
"180";"QCM";"Comme vu dans la Leçon 043 — Réseaux sociaux, quels comportements augmentent les risques en ligne ?";"Publier ses habitudes.|Partager sa géolocalisation.|Écrire ses opinions.|Utiliser des surnoms.";"Publier ses habitudes.|Partager sa géolocalisation.";"Sécurité & Sauvegarde";"Leçon 043 — Réseaux sociaux";"risques comportements réseaux";"Leçon 043 — Réseaux sociaux";"71";"risques comportements réseaux"
"181";"Compléter";"Selon la Leçon 040 — Keep, l’application Keep permet d’écrire mais aussi d’ajouter des ________.";"";"photos";"IA & Outils modernes";"Leçon 040 — Keep";"Keep ajouter photos";"Leçon 040 — Keep";"61";"Keep ajouter photos"
"182";"VraiFaux";"Comme rappelé dans la Leçon 020-021 — Recherche Windows, filtrer par taille peut aider à retrouver un fichier volumineux.";"";"Vrai";"Windows 11 & Fichiers";"Leçon 020-021 — Recherche Windows";"filtrer taille utile";"Leçon 020-021 — Recherche Windows";"28";"filtrer taille utile"
"183";"QCM";"Selon la Leçon 035 — Google Drive & Docs, quel est l’avantage d’une version partagée unique ?";"Évite les doublons.|Travail collaboratif.|Version unique à jour.|Modification automatique du PC.";"Évite les doublons.|Travail collaboratif.|Version unique à jour.";"Logiciels & Bureautique";"Leçon 035 — Google Drive & Docs";"avantage version unique Drive";"Leçon 035 — Google Drive & Docs";"77";"avantage version unique Drive"
"184";"Compléter";"Comme vu dans la Leçon 025 — Logiciels portables, un logiciel portable peut se lancer depuis une ______ USB.";"";"clé";"Logiciels & Bureautique";"Leçon 025 — Logiciels portables";"se lancer clé USB";"Leçon 025 — Logiciels portables";"32";"se lancer clé USB"
"185";"VraiFaux";"Selon la Leçon 042 — Créer un mot de passe, écrire ses mots de passe sur un papier visible est sécuritaire.";"";"Faux";"Sécurité & Sauvegarde";"Leçon 042 — Créer un mot de passe";"papier visible non sécurisé";"Leçon 042 — Créer un mot de passe";"70";"papier visible non sécurisé"
"186";"QCM";"Comme vu dans la Leçon 039 — Gmail, quels éléments peuvent être ajoutés dans un e-mail pour le rendre plus clair ?";"Objet précis.|Image du chat.|Signature.|Liste numérotée.";"Objet précis.|Signature.|Liste numérotée.";"Internet & Gmail";"Leçon 039 — Gmail";"rendre mail clair";"Leçon 039 — Gmail";"60";"rendre mail clair"
"187";"Compléter";"Selon la Leçon 044 — Macrium Reflect, après une sauvegarde réussie il est conseillé de ________ l’ordinateur.";"";"redémarrer";"Sécurité & Sauvegarde";"Leçon 044 — Macrium Reflect";"redémarrer après sauvegarde";"Leçon 044 — Macrium Reflect";"43";"redémarrer après sauvegarde"
"188";"VraiFaux";"Comme vu dans la Leçon 041 — Proton Pass, partager un mot de passe en clair par e-mail est fortement déconseillé.";"";"Vrai";"Sécurité & Sauvegarde";"Leçon 041 — Proton Pass";"mot passe en clair interdit";"Leçon 041 — Proton Pass";"64";"mot passe en clair interdit"
"189";"QCM";"Selon la Leçon 043 — Réseaux sociaux, quelles informations peuvent permettre de vous retrouver physiquement ?";"École fréquentée.|Habitudes quotidiennes.|Adresse.|Pseudo.";"École fréquentée.|Habitudes quotidiennes.|Adresse.";"Sécurité & Sauvegarde";"Leçon 043 — Réseaux sociaux";"retrouver physiquement risque";"Leçon 043 — Réseaux sociaux";"71";"retrouver physiquement risque"
"190";"Compléter";"Comme rappelé dans la Leçon 040 — Keep, Keep sert à enregistrer des notes mais aussi des ________ de choses à faire.";"";"listes";"IA & Outils modernes";"Leçon 040 — Keep";"Keep listes choses à faire";"Leçon 040 — Keep";"61";"Keep listes choses à faire"
"191";"VraiFaux";"Selon la Leçon 020-021 — Recherche Windows, rechercher par extension (.pdf, .jpg) peut faire gagner du temps.";"";"Vrai";"Windows 11 & Fichiers";"Leçon 020-021 — Recherche Windows";"recherche extension rapide";"Leçon 020-021 — Recherche Windows";"28";"recherche extension rapide"
"192";"QCM";"Comme vu dans la Leçon 035 — Google Drive & Docs, pourquoi privilégier le partage via Drive plutôt que l’envoi d’un fichier ?";"Moins de virus.|Fichier unique.|Version toujours à jour.|Téléchargement obligatoire.";"Moins de virus.|Fichier unique.|Version toujours à jour.";"Logiciels & Bureautique";"Leçon 035 — Google Drive & Docs";"partage Drive avantages 2";"Leçon 035 — Google Drive & Docs";"77";"partage Drive avantages 2"
"193";"Compléter";"Selon la Leçon 025 — Logiciels portables, le lanceur principal des applications s’appelle ________.exe.";"";"Start";"Logiciels & Bureautique";"Leçon 025 — Logiciels portables";"Start.exe";"Leçon 025 — Logiciels portables";"32";"Start.exe"
"194";"VraiFaux";"Comme vu dans la Leçon 042 — Créer un mot de passe, un mot de passe long mais simple reste facile à deviner.";"";"Vrai";"Sécurité & Sauvegarde";"Leçon 042 — Créer un mot de passe";"long mais simple peu sécurisé";"Leçon 042 — Créer un mot de passe";"70";"long mais simple peu sécurisé"
"195";"QCM";"Selon la Leçon 043 — Réseaux sociaux, que doit-on éviter pour limiter l’usurpation d’identité ?";"Publier sa date de naissance.|Partager ses documents officiels.|Donner son numéro.|Poster son repas.";"Publier sa date de naissance.|Partager ses documents officiels.|Donner son numéro.";"Sécurité & Sauvegarde";"Leçon 043 — Réseaux sociaux";"éviter usurpation identité";"Leçon 043 — Réseaux sociaux";"71";"éviter usurpation identité"
"196";"Compléter";"Comme vu dans la Leçon 039 — Gmail, il faut vérifier que l’on est connecté au bon ______ avant d’envoyer un message.";"";"compte";"Internet & Gmail";"Leçon 039 — Gmail";"vérifier compte Gmail";"Leçon 039 — Gmail";"59";"vérifier compte Gmail"
"197";"VraiFaux";"Selon la Leçon 044 — Macrium Reflect, une sauvegarde permet de retrouver le PC dans l’état où il était lors de la sauvegarde.";"";"Vrai";"Sécurité & Sauvegarde";"Leçon 044 — Macrium Reflect";"état sauvegarde Macrium";"Leçon 044 — Macrium Reflect";"72";"état sauvegarde Macrium"
"198";"QCM";"Comme vu dans la Leçon 041 — Proton Pass, quelles fonctionnalités améliorent la sécurité des comptes ?";"Chiffrement.|Mot de passe unique.|Notes sécurisées.|Sauvegarde écran.";"Chiffrement.|Mot de passe unique.|Notes sécurisées.";"Sécurité & Sauvegarde";"Leçon 041 — Proton Pass";"fonction sécurité Proton Pass";"Leçon 041 — Proton Pass";"63";"fonction sécurité Proton Pass"
"199";"Compléter";"Selon la Leçon 043 — Réseaux sociaux, il est conseillé de garder sa vie ______ hors des réseaux.";"";"privée";"Sécurité & Sauvegarde";"Leçon 043 — Réseaux sociaux";"vie privée réseaux";"Leçon 043 — Réseaux sociaux";"71";"vie privée réseaux"
"200";"VraiFaux";"Comme vu dans la Leçon 042 — Créer un mot de passe, un gestionnaire de mots de passe réduit le risque d’oubli et d’intrusion.";"";"Vrai";"Sécurité & Sauvegarde";"Leçon 042 — Créer un mot de passe";"gestionnaire réduit risques";"Leçon 042 — Créer un mot de passe";"70";"gestionnaire réduit risques"
